1,490-GRM31CR61E476ME44KCT-ND
25,1292-1392-1-ND
1,P10425CT-ND
1,478-5778-1-ND
1,490-8025-1-ND
5,311-1445-1-ND
6,478-5778-1-ND
11,1276-6454-1-ND
10,1276-3391-1-ND
2,490-10731-1-ND
1,490-16309-1-ND
5,1276-2891-1-ND
2,478-KGM15ACG1H331FTCT-ND
1,BZT52C18-FDICT-ND
1,160-1130-ND
12,SD103AWSTPMSCT-ND
5,SK54A-LTPMSCT-ND
1,MMSZ4685-TPMSCT-ND
3,BZT52C5V1S-TPMSCT-ND
1,1727-BZX38450-C1V8-QXCT-ND
1,1727-4989-1-ND
1,1727-3655-1-ND
1,F065-ND
1,2057-RS1-10-G-ND
1,2057-RS1-08-G-ND
2,2057-RS1-05-G-ND
1,2057-RS1-12-G-ND
1,2057-RS1-02-G-ND
1,S9175-ND
2,2057-RS1-04-G-ND
1,A32471-ND
1,455-S12B-XADSS-N-ND
1,455-S02B-XASS-1-ND
1,455-4091-ND
1,455-S08B-XADSS-N-ND
1,CP-SJ2-35813A-SMT-CT-ND
1,S7071-ND
4,535-ASPI-6045S-220M-TCT-ND
9,445-174936-1-ND
1,732-1244-1-ND
4,SI2347DS-T1-GE3CT-ND
1,IRF5305PBF-ND
1,DMP2120U-7DICT-ND
7,DMN67D8L-7DICT-ND
6,DMN67D8LW-13DICT-ND
25,311-100KHRCT-ND
2,311-5.10KHRCT-ND
1,311-150HRCT-ND
1,311-10.0MHRCT-ND
30,RNCP0603FTD10K0CT-ND
1,311-0.0GRCT-ND
1,311-1MLECT-ND
1,P100HCT-ND
5,311-470GRCT-ND
1,P21.0KHCT-ND
1,YAG1657CT-ND
1,RG16P47.0KBCT-ND
2,YAG1626CT-ND
1,YAG1546CT-ND
2,YAG1521CT-ND
2,YAG1582CT-ND
1,CSM0603FT10L0CT-ND
1,RMCF0603FT30K1CT-ND
1,RMCF0603FT9K76CT-ND
4,P20.0KHCT-ND
3,CKN9565-ND
1,ATMEGA3208-AFRCT-ND
1,MCP2561T-E/SNCT-ND
1,296-13261-1-ND
1,MCP2562-E/SN-ND
1,1727-6979-1-ND
1,296-40923-1-ND
2,AP63301WU-7
2,AP63301WU-7
1,31-AP7375-33SA-7CT-ND
1,AS321KTR-G1DICT-ND
1,296-26307-1-ND
1,296-36706-1-ND
1,478-KC2520Z12.2880C1KX00CT-ND
2,AP331AWGDICT-ND
1,296-TLV1811DBVRCT-ND
1,LM2596T-ADJ/NOPB-ND
1,MCP6006T-E/OT
1,MCP4251T-103E/SLCT-ND
1,768-1129-1-ND
1,2073-USB4105-GF-ACT-ND
1,497-4054-1-ND
1,296-LM2904BIDRCT-ND
1,296-1281-1-ND
